user_id,disability_type,skills_one,skills_two
1,Visual Impairment,Financial Analysis,Budgeting
2,Hearing Impairment,Risk Management,Investment Banking
3,Mobility Impairment,Financial Planning,Taxation
4,Cognitive Disability,Bookkeeping,Auditing
5,Neurological Disorder,Data Analysis,Financial Modeling
6,Developmental Disability,Treasury Management,Financial Reporting
7,Physical Disability,Cost Accounting,Asset Management
8,Mental Health Condition,Credit Analysis,Financial Compliance
9,Learning Disability,Financial Forecasting,Corporate Finance
10,Speech Impairment,Financial Systems,Mergers and Acquisitions
11,Physical Disability,Financial Operations,Wealth Management
12,Visual Impairment,Insurance Underwriting,Financial Research
13,Cognitive Disability,Cash Flow Management,Internal Controls
14,Developmental Disability,Investment Analysis,Business Valuation
15,Hearing Impairment,Financial Risk Assessment,Portfolio Management
16,Neurological Disorder,Financial Derivatives,Financial Planning Software
17,Mental Health Condition,Financial Statements Analysis,Financial Regulation
18,Mobility Impairment,Cost Management,Real Estate Finance
19,Learning Disability,Financial Compliance,Financial Due Diligence
20,Speech Impairment,Managerial Accounting,Venture Capital
21,Visual Impairment,Corporate Governance,Financial Markets
22,Cognitive Disability,Financial Decision-making,Debt Management
23,Physical Disability,International Finance,Hedge Fund Management
24,Neurological Disorder,Financial Strategy,Investment Portfolio Optimization
25,Developmental Disability,Financial Risk Management,Financial Analytics